{
	"id": "NG0019",
	"events": [
		{
			"ui": {
				"fingerPos": {
					"rotateX": 0,
					"posY": -58.1,
					"posX": 61.22,
					"rotateY": 0,
					"rotateZ": 0
				},
				"path": "OverlayCamera/Overlay/UIMain/blur_panel/adapt/left_length/frame/setting",
				"triggerType": [
					1
				]
			},
			"alpha": 0.4,
			"style": {
				"posY": -107,
				"dir": -1,
				"text": "\u9ede\u64ca\u9019\u88e1\u53ef\u4ee5\u5c0d\u4e00\u9375\u9000\u5f79\u7684\u689d\u4ef6\u9032\u884c\u8a2d\u7f6e",
				"posX": -570,
				"mode": 1
			}
		},
		{
			"alpha": 0.1,
			"style": {
				"charPos": {
					"y": -239.1717,
					"x": -24.99997
				},
				"posY": 277,
				"dir": 1,
				"posX": -645,
				"text": "\u4e0a\u65b9\u9078\u64c7\u512a\u5148\u7d1a\u53ef\u4ee5\u5c0d\u7a00\u6709\u5ea6\u512a\u5148\u7d1a\u9032\u884c\u8a2d\u7f6e",
				"hand": {
					"y": -235,
					"x": 96,
					"w": 0
				},
				"mode": 1
			}
		},
		{
			"alpha": 0.1,
			"style": {
				"charPos": {
					"y": -239.1717,
					"x": -24.99997
				},
				"posY": 95.206,
				"dir": 1,
				"posX": -674,
				"text": "\u4e0b\u65b9\u53ef\u4ee5\u5c0d\u64c1\u6709\u6216\u672a\u64c1\u6709\u6eff\u661f\u8266\u8239\u6642\u7684\u9078\u64c7\u689d\u4ef6\u9032\u884c\u8a2d\u7f6e",
				"hand": {
					"y": -235,
					"x": 96,
					"w": -62
				},
				"mode": 1
			}
		},
		{
			"ui": {
				"fingerPos": {
					"rotateX": 0,
					"posY": -37.35,
					"posX": 66.5,
					"rotateY": 0,
					"rotateZ": 0
				},
				"path": "OverlayCamera/Overlay/UIMain/DockyardQuickSelectSettingUI(Clone)/window/top/bg/obtain/title/title_en/info",
				"triggerType": [
					1
				]
			},
			"alpha": 0.4,
			"style": {
				"posY": 377.1,
				"dir": -1,
				"text": "\u9ede\u64ca\u5e6b\u52a9\u6309\u9215\u53ef\u4ee5\u67e5\u770b\u8a73\u7d30\u9000\u5f79\u689d\u4ef6",
				"posX": 224.01,
				"mode": 1
			}
		}
	]
}